Devolução_ID,Venda_ID,Produto_ID,Cliente_ID,Quantidade,Motivo da Devolução,Data da Devolução
1,51,888,400,1,Arrependimento,2017-07-18 18:54:27
2,936,363,669,2,Troca,2021-03-20 05:10:03
3,744,8,897,2,Troca,2019-07-21 10:47:49
4,951,867,123,2,Tamanho Inadequado,2017-09-30 17:42:57
5,674,196,202,2,Defeito no Produto,2019-11-08 13:35:24
6,196,599,933,4,Arrependimento,2023-04-12 01:04:47
7,355,719,726,3,Defeito no Produto,2019-06-23 08:46:04
8,440,795,275,3,Tamanho Inadequado,2018-11-11 01:23:58
9,62,476,510,5,Outros,2020-06-15 19:47:29
10,793,206,76,5,Arrependimento,2014-02-27 20:53:56
11,227,923,680,5,Defeito no Produto,2017-04-23 09:39:48
12,159,165,999,5,Arrependimento,2022-03-17 09:55:25
13,248,26,518,5,Arrependimento,2016-09-02 10:05:31
14,953,769,983,3,Arrependimento,2021-02-03 20:29:55
15,515,950,414,4,Outros,2020-01-31 09:51:45
16,150,541,657,4,Outros,2019-01-15 23:27:35
17,656,592,343,3,Arrependimento,2018-10-16 10:20:58
18,810,263,416,4,Outros,2024-03-14 20:26:33
19,244,924,25,5,Troca,2020-09-22 01:34:17
20,710,799,854,4,Tamanho Inadequado,2019-09-14 06:55:54
21,136,894,1,1,Troca,2022-08-13 04:08:01
22,851,670,552,1,Tamanho Inadequado,2023-05-29 17:16:35
23,155,689,521,3,Desistência,2021-02-01 19:38:37
24,884,198,308,2,Arrependimento,2022-02-02 15:35:41
25,635,708,603,2,Desistência,2020-11-01 20:10:30
26,607,655,507,4,Desistência,2016-05-05 16:08:34
27,453,650,696,4,Desistência,2024-07-03 19:59:37
28,595,810,43,4,Outros,2021-10-27 16:55:57
29,919,903,835,3,Tamanho Inadequado,2021-12-11 10:46:19
30,6,429,22,2,Tamanho Inadequado,2020-07-04 03:51:12
31,291,456,935,1,Arrependimento,2017-09-18 22:12:24
32,496,108,558,4,Troca,2019-05-21 04:14:18
33,324,816,565,3,Troca,2021-07-23 16:48:54
34,608,874,455,5,Outros,2023-03-11 09:12:33
35,247,732,842,5,Defeito no Produto,2018-02-06 10:31:13
36,537,337,916,3,Outros,2016-08-02 08:21:08
37,852,788,853,2,Arrependimento,2018-09-01 19:42:08
38,254,12,387,4,Outros,2016-06-02 12:49:09
39,460,32,551,1,Troca,2024-08-08 04:20:20
40,442,936,310,3,Arrependimento,2019-10-14 02:22:40
41,705,65,95,4,Desistência,2016-12-20 13:48:18
42,716,471,160,3,Arrependimento,2018-07-03 18:37:21
43,317,126,797,2,Desistência,2018-07-19 12:48:49
44,88,627,23,5,Outros,2022-07-29 10:07:29
45,511,178,677,2,Defeito no Produto,2017-06-17 16:15:58
46,488,926,312,3,Arrependimento,2015-06-08 23:50:31
47,167,13,874,4,Tamanho Inadequado,2015-04-18 17:39:00
48,166,646,122,3,Desistência,2023-05-07 06:52:03
49,429,6,752,1,Expectativa não atendida,2018-04-15 19:56:13
50,418,196,103,2,Expectativa não atendida,2015-06-01 12:35:37
51,647,274,918,1,Expectativa não atendida,2018-07-21 17:28:02
52,494,935,537,1,Troca,2014-04-07 15:11:04
53,304,53,12,3,Outros,2016-07-29 05:08:16
54,844,843,375,1,Arrependimento,2024-09-07 13:51:19
55,206,986,800,4,Tamanho Inadequado,2022-10-15 09:12:07
56,308,347,383,2,Arrependimento,2017-05-02 15:19:04
57,463,81,747,2,Defeito no Produto,2017-06-10 06:40:03
58,474,736,77,3,Desistência,2015-06-04 15:42:05
59,70,519,712,5,Defeito no Produto,2016-07-22 15:37:40
60,268,156,118,3,Expectativa não atendida,2021-09-18 11:39:50
61,217,906,215,3,Outros,2019-05-08 21:42:29
62,827,493,486,1,Outros,2018-08-12 17:12:32
63,837,549,878,1,Tamanho Inadequado,2023-03-29 05:44:50
64,399,654,669,4,Expectativa não atendida,2021-04-04 16:40:30
65,28,882,514,5,Tamanho Inadequado,2019-12-12 03:53:44
66,706,988,17,1,Troca,2024-06-08 18:43:53
67,437,746,355,2,Outros,2021-05-02 14:45:43
68,876,145,791,3,Outros,2014-08-22 20:22:09
69,961,615,199,5,Troca,2018-01-20 15:44:11
70,505,627,293,5,Outros,2021-01-21 05:10:57
71,506,327,427,5,Tamanho Inadequado,2024-10-24 21:15:09
72,223,308,630,3,Outros,2020-03-24 20:27:09
73,441,918,452,2,Desistência,2023-04-23 23:22:29
74,555,953,27,3,Troca,2024-06-18 17:58:43
75,85,351,370,2,Troca,2022-05-04 16:57:05
76,814,973,369,1,Arrependimento,2024-09-19 02:52:17
77,23,945,262,3,Desistência,2020-03-10 16:16:30
78,203,150,941,1,Tamanho Inadequado,2022-05-18 09:48:57
79,451,216,67,5,Troca,2019-09-28 08:37:54
80,46,553,865,3,Desistência,2016-01-27 22:20:43
81,44,304,967,2,Defeito no Produto,2018-06-28 05:37:16
82,313,220,516,1,Defeito no Produto,2016-08-15 07:56:52
83,69,599,246,5,Desistência,2015-04-29 09:07:35
84,478,104,413,2,Tamanho Inadequado,2016-04-09 18:08:54
85,201,19,28,4,Troca,2016-08-17 20:30:53
86,517,656,788,2,Troca,2020-02-08 04:47:51
87,972,30,565,1,Outros,2019-10-11 21:26:58
88,202,935,715,4,Outros,2019-10-21 18:59:37
89,583,406,640,4,Outros,2017-03-31 01:55:48
90,171,922,966,2,Defeito no Produto,2023-08-19 03:56:24
91,565,179,463,4,Desistência,2014-07-28 18:06:51
92,255,629,814,4,Tamanho Inadequado,2016-03-23 05:55:18
93,816,585,898,4,Expectativa não atendida,2017-10-21 08:46:39
94,624,33,738,4,Expectativa não atendida,2020-01-10 10:29:19
95,398,210,938,3,Arrependimento,2021-06-09 05:24:37
96,904,300,702,2,Arrependimento,2014-06-08 13:59:35
97,22,21,559,2,Outros,2024-06-10 09:04:11
98,507,79,344,2,Troca,2022-10-10 00:34:14
99,774,338,151,1,Troca,2020-08-29 14:34:26
100,421,1000,900,4,Defeito no Produto,2022-11-01 00:40:04
101,997,599,451,3,Troca,2016-10-15 23:25:09
102,162,923,797,4,Outros,2024-12-25 19:54:17
103,459,273,946,2,Desistência,2021-12-24 17:44:14
104,343,374,378,1,Defeito no Produto,2015-10-11 17:48:49
105,439,856,620,5,Troca,2024-01-03 00:26:54
106,86,143,639,5,Tamanho Inadequado,2019-08-23 04:17:38
107,150,429,440,4,Expectativa não atendida,2018-08-19 22:14:46
108,156,263,961,5,Defeito no Produto,2024-12-09 13:06:58
109,407,223,349,4,Expectativa não atendida,2021-05-07 05:22:52
110,427,796,920,4,Outros,2024-05-04 21:02:49
111,40,854,580,1,Arrependimento,2022-01-06 20:20:39
112,382,748,558,3,Tamanho Inadequado,2020-06-08 20:48:49
113,395,319,798,4,Expectativa não atendida,2014-03-16 22:12:35
114,824,618,252,3,Tamanho Inadequado,2024-05-30 03:48:33
115,421,124,356,4,Outros,2019-12-21 00:50:43
116,767,792,991,1,Tamanho Inadequado,2016-03-07 06:36:49
117,397,840,909,3,Expectativa não atendida,2015-07-10 23:42:48
118,92,766,722,5,Desistência,2024-01-22 21:33:15
119,593,72,2,3,Expectativa não atendida,2022-07-08 07:50:11
120,870,32,375,1,Troca,2024-03-05 12:22:57
121,886,989,301,4,Desistência,2015-09-17 16:43:08
122,960,46,413,1,Expectativa não atendida,2024-05-10 00:31:43
123,455,108,579,5,Tamanho Inadequado,2014-01-30 21:25:03
124,932,424,548,5,Expectativa não atendida,2023-06-09 03:12:49
125,83,537,926,2,Outros,2023-03-29 14:44:52
126,230,480,661,5,Arrependimento,2022-11-09 15:23:29
127,666,937,188,1,Troca,2022-04-02 11:23:43
128,422,597,101,5,Tamanho Inadequado,2017-10-31 13:42:26
129,785,963,221,1,Desistência,2018-11-04 00:27:20
130,814,249,866,2,Expectativa não atendida,2014-08-15 22:30:51
131,739,190,499,1,Outros,2018-02-25 05:07:25
132,342,23,142,4,Tamanho Inadequado,2022-09-06 08:37:06
133,875,130,883,5,Arrependimento,2014-03-07 10:18:45
134,739,240,380,2,Defeito no Produto,2016-01-09 19:19:02
135,509,662,392,2,Outros,2019-01-31 17:52:28
136,306,32,234,4,Troca,2015-08-21 01:54:15
137,954,594,906,2,Expectativa não atendida,2014-04-27 12:02:06
138,402,677,162,5,Outros,2024-05-05 12:46:56
139,656,121,425,2,Troca,2015-03-21 17:16:44
140,797,109,367,5,Outros,2022-04-28 03:47:07
141,955,523,414,2,Desistência,2015-09-10 18:08:08
142,830,52,344,1,Desistência,2024-09-16 10:05:32
143,70,96,790,5,Defeito no Produto,2018-08-24 22:12:08
144,303,518,982,3,Tamanho Inadequado,2024-05-07 18:47:39
145,4,196,4,5,Expectativa não atendida,2020-08-11 12:52:37
146,633,589,26,3,Defeito no Produto,2021-08-24 22:18:10
147,117,444,809,1,Expectativa não atendida,2021-04-11 23:28:31
148,944,212,458,3,Defeito no Produto,2024-01-03 03:53:50
149,529,496,93,5,Tamanho Inadequado,2018-11-30 04:09:37
150,169,600,954,1,Tamanho Inadequado,2021-08-17 00:53:55
151,500,490,743,2,Outros,2014-08-12 23:35:53
152,135,683,833,5,Troca,2017-06-28 01:58:44
153,110,817,564,5,Outros,2023-09-06 06:49:58
154,221,748,728,4,Expectativa não atendida,2015-12-19 22:46:54
155,70,634,844,4,Outros,2023-01-28 20:18:03
156,474,247,637,1,Defeito no Produto,2020-12-12 16:09:04
157,723,900,490,5,Outros,2024-03-31 04:41:42
158,178,691,538,2,Outros,2024-11-20 01:12:50
159,93,309,387,2,Defeito no Produto,2017-12-16 04:26:51
160,963,491,960,2,Tamanho Inadequado,2020-12-17 19:23:08
161,274,81,302,4,Desistência,2019-10-09 17:05:44
162,739,398,514,5,Expectativa não atendida,2020-07-08 19:28:20
163,184,687,692,4,Arrependimento,2015-02-22 19:30:47
164,616,383,723,5,Arrependimento,2023-06-25 03:27:02
165,882,752,917,4,Defeito no Produto,2017-10-25 21:46:21
166,874,591,471,3,Expectativa não atendida,2024-09-24 10:28:04
167,635,619,655,5,Tamanho Inadequado,2022-09-06 01:27:13
168,430,962,902,4,Troca,2022-03-25 17:44:26
169,81,827,188,3,Troca,2018-10-14 01:14:37
170,443,861,337,2,Tamanho Inadequado,2020-06-17 01:56:11
171,108,701,644,4,Defeito no Produto,2018-03-30 14:18:37
172,795,684,814,1,Desistência,2017-04-09 22:29:45
173,555,283,821,4,Defeito no Produto,2022-10-16 12:53:34
174,282,610,548,1,Defeito no Produto,2014-04-19 13:58:19
175,441,153,546,4,Tamanho Inadequado,2015-04-30 06:36:11
176,335,486,375,5,Desistência,2022-04-17 03:03:09
177,4,281,382,3,Arrependimento,2020-04-23 12:31:23
178,247,8,379,3,Defeito no Produto,2023-10-09 19:13:29
179,932,360,827,5,Defeito no Produto,2017-02-13 08:32:54
180,155,537,303,1,Tamanho Inadequado,2020-02-26 03:46:48
181,683,694,903,2,Outros,2014-08-09 18:31:45
182,467,243,365,1,Desistência,2019-01-12 06:15:42
183,886,313,542,2,Troca,2019-11-28 16:40:56
184,917,881,12,1,Desistência,2024-07-22 15:12:43
185,473,95,723,1,Outros,2017-03-01 21:01:41
186,621,473,844,3,Arrependimento,2017-08-05 01:04:18
187,284,829,54,5,Desistência,2022-02-19 08:09:56
188,130,175,840,1,Defeito no Produto,2016-03-23 13:45:31
189,984,609,583,2,Troca,2024-04-23 08:13:30
190,158,616,474,5,Defeito no Produto,2020-12-31 01:43:29
191,504,606,805,3,Arrependimento,2018-01-30 14:06:11
192,941,390,385,3,Defeito no Produto,2022-04-27 01:12:21
193,969,112,193,5,Troca,2014-05-22 08:39:09
194,515,215,331,4,Defeito no Produto,2020-09-06 12:18:16
195,80,926,592,5,Tamanho Inadequado,2016-05-01 01:35:57
196,944,93,383,3,Defeito no Produto,2021-06-27 11:49:17
197,562,753,48,2,Desistência,2023-12-14 19:13:05
198,350,259,235,1,Outros,2015-12-29 00:24:08
199,729,580,394,1,Tamanho Inadequado,2015-09-22 18:33:52
200,401,76,504,4,Arrependimento,2017-04-17 19:12:50
201,510,547,5,2,Tamanho Inadequado,2015-12-14 17:25:43
202,324,845,971,5,Tamanho Inadequado,2017-05-04 13:57:49
203,495,366,207,4,Arrependimento,2016-08-07 17:49:57
204,760,868,244,4,Desistência,2023-09-14 23:18:54
205,855,229,175,1,Arrependimento,2022-01-18 21:22:39
206,10,1000,855,1,Desistência,2019-02-28 06:37:08
207,616,244,209,5,Arrependimento,2020-09-16 19:19:16
208,161,942,729,2,Outros,2014-09-23 23:02:14
209,887,349,324,2,Outros,2019-02-02 20:28:40
210,285,154,724,3,Arrependimento,2022-07-15 02:02:12
211,782,997,193,5,Tamanho Inadequado,2019-10-09 04:57:40
212,717,586,943,2,Troca,2018-07-31 07:28:31
213,479,452,228,1,Outros,2017-07-18 01:17:55
214,389,66,211,4,Desistência,2019-11-09 16:21:32
215,700,372,248,5,Desistência,2021-05-12 23:03:50
216,766,12,915,2,Arrependimento,2015-05-29 09:55:00
217,521,176,776,4,Defeito no Produto,2019-05-29 01:48:09
218,138,853,698,5,Defeito no Produto,2016-12-03 12:06:50
219,1,458,497,3,Tamanho Inadequado,2023-07-22 07:26:24
220,321,11,34,3,Defeito no Produto,2015-01-18 06:50:31
221,700,130,67,4,Outros,2014-07-17 22:19:04
222,680,65,586,2,Desistência,2017-12-05 09:07:20
223,359,799,836,1,Expectativa não atendida,2015-04-22 15:47:11
224,119,855,603,1,Arrependimento,2016-08-21 17:16:03
225,769,815,298,1,Defeito no Produto,2022-12-08 18:27:33
226,186,116,6,1,Expectativa não atendida,2015-01-13 12:24:42
227,38,444,664,2,Expectativa não atendida,2024-03-08 00:39:17
228,591,883,946,2,Tamanho Inadequado,2014-01-27 23:33:04
229,962,851,721,2,Arrependimento,2020-01-13 13:08:52
230,581,279,892,5,Outros,2019-09-16 07:57:38
231,638,603,192,2,Tamanho Inadequado,2020-04-23 05:16:59
232,900,872,834,5,Arrependimento,2019-11-25 19:59:01
233,350,603,361,4,Troca,2021-01-07 02:47:19
234,929,679,597,4,Arrependimento,2015-06-16 03:42:56
235,190,516,549,2,Outros,2014-07-07 18:29:10
236,777,651,506,3,Arrependimento,2015-06-21 12:01:56
237,658,374,793,5,Desistência,2024-02-23 06:39:54
238,165,640,380,3,Outros,2021-11-27 13:13:17
239,983,619,352,4,Troca,2021-09-14 23:21:26
240,79,462,697,1,Desistência,2015-12-25 04:17:08
241,254,145,77,3,Arrependimento,2017-02-20 02:06:01
242,778,730,873,3,Defeito no Produto,2018-08-06 01:35:14
243,307,94,311,5,Defeito no Produto,2023-11-26 01:55:23
244,703,240,893,5,Defeito no Produto,2023-03-04 16:07:39
245,690,75,78,4,Expectativa não atendida,2016-10-05 11:44:17
246,803,433,700,4,Defeito no Produto,2023-06-03 03:20:55
247,809,694,958,2,Desistência,2024-09-27 04:57:01
248,914,360,647,4,Expectativa não atendida,2023-02-08 13:05:35
249,311,463,970,3,Outros,2018-02-07 19:03:32
250,95,605,209,2,Defeito no Produto,2019-01-03 01:29:49
251,990,286,561,3,Troca,2023-11-25 02:23:52
252,720,505,114,3,Tamanho Inadequado,2019-11-21 08:06:19
253,357,607,135,4,Expectativa não atendida,2021-04-09 09:40:50
254,758,888,779,5,Arrependimento,2017-01-29 06:36:54
255,112,509,239,1,Outros,2014-08-13 07:17:45
256,985,737,72,1,Arrependimento,2017-04-15 10:13:51
257,512,519,586,4,Tamanho Inadequado,2014-05-04 19:21:00
258,488,169,6,2,Tamanho Inadequado,2021-10-29 13:08:10
259,465,204,566,5,Outros,2019-09-19 02:27:25
260,433,309,759,3,Expectativa não atendida,2020-11-30 14:26:42
261,121,185,406,2,Arrependimento,2017-12-18 09:21:05
262,398,14,272,1,Arrependimento,2018-05-06 06:33:00
263,304,952,599,2,Defeito no Produto,2023-03-27 11:45:28
264,879,615,902,4,Outros,2020-06-15 19:24:42
265,462,48,130,5,Desistência,2014-07-30 09:59:22
266,542,28,88,1,Expectativa não atendida,2024-01-05 06:21:54
267,720,234,333,2,Arrependimento,2018-08-05 02:27:24
268,944,247,214,5,Expectativa não atendida,2023-08-17 21:37:58
269,357,484,825,4,Troca,2015-05-27 15:11:54
270,390,807,408,5,Desistência,2023-10-06 16:17:26
271,403,248,435,3,Arrependimento,2022-07-06 10:34:22
272,874,643,938,5,Outros,2014-12-10 02:11:56
273,941,937,785,1,Defeito no Produto,2022-05-23 09:56:22
274,451,476,31,1,Defeito no Produto,2019-01-12 02:57:05
275,247,859,302,5,Defeito no Produto,2023-12-14 09:55:46
276,685,197,583,4,Expectativa não atendida,2014-01-26 04:31:36
277,646,634,129,2,Troca,2020-04-15 08:26:48
278,164,499,201,5,Tamanho Inadequado,2021-05-22 00:13:39
279,713,797,490,2,Expectativa não atendida,2021-07-23 07:09:44
280,132,568,622,2,Expectativa não atendida,2020-12-11 08:15:08
281,946,500,283,4,Outros,2021-02-07 05:52:15
282,820,118,275,5,Desistência,2018-06-08 01:11:34
283,668,198,999,1,Defeito no Produto,2024-10-17 10:19:19
284,602,833,223,3,Arrependimento,2014-05-29 03:36:59
285,690,847,998,4,Desistência,2016-09-30 05:42:09
286,67,927,790,3,Outros,2019-06-28 17:34:19
287,127,393,359,5,Outros,2022-12-06 18:10:17
288,386,934,398,1,Expectativa não atendida,2021-02-26 00:28:10
289,644,201,879,3,Expectativa não atendida,2017-12-11 20:23:47
290,242,411,771,4,Troca,2015-12-30 18:32:39
291,216,353,882,3,Expectativa não atendida,2022-05-16 02:05:49
292,58,460,959,1,Arrependimento,2017-08-10 12:20:52
293,987,788,456,4,Tamanho Inadequado,2016-06-04 06:17:25
294,914,912,697,4,Troca,2018-12-30 13:07:13
295,818,888,6,4,Arrependimento,2014-01-18 11:47:41
296,840,123,721,3,Defeito no Produto,2014-09-16 15:38:36
297,591,776,455,4,Tamanho Inadequado,2023-11-19 15:52:30
298,280,820,993,2,Outros,2022-08-24 13:56:58
299,652,561,548,2,Tamanho Inadequado,2014-05-07 05:29:40
300,278,968,415,5,Arrependimento,2017-08-13 03:28:45
301,17,233,810,1,Arrependimento,2024-03-20 03:29:49
302,102,451,147,5,Outros,2023-02-15 21:05:44
303,491,549,265,1,Outros,2016-03-11 22:12:01
304,386,838,36,1,Expectativa não atendida,2017-06-21 16:05:28
305,26,221,621,5,Desistência,2016-04-20 14:24:21
306,280,600,748,2,Defeito no Produto,2018-03-25 05:57:03
307,456,447,714,2,Tamanho Inadequado,2022-02-17 03:26:01
308,422,241,898,5,Desistência,2020-03-07 23:29:18
309,936,170,797,2,Defeito no Produto,2023-11-24 18:51:01
310,855,122,152,5,Expectativa não atendida,2021-12-17 07:10:21
311,273,919,264,3,Tamanho Inadequado,2016-07-08 09:44:08
312,796,733,768,2,Desistência,2019-11-26 18:30:39
313,36,579,426,1,Arrependimento,2017-04-23 16:06:07
314,444,452,725,1,Outros,2018-11-24 17:37:07
315,249,18,557,1,Troca,2015-10-07 05:56:33
316,782,61,203,3,Troca,2024-04-10 13:41:49
317,628,122,458,2,Expectativa não atendida,2023-08-30 13:01:10
318,41,481,799,5,Tamanho Inadequado,2020-01-03 01:50:30
319,175,719,349,2,Defeito no Produto,2014-07-05 18:14:14
320,661,250,529,2,Defeito no Produto,2020-10-28 05:17:49
321,885,289,18,5,Outros,2018-04-05 15:44:36
322,328,796,706,4,Outros,2014-10-29 14:16:22
323,67,977,55,4,Expectativa não atendida,2019-02-22 18:31:16
324,823,201,638,3,Expectativa não atendida,2024-06-12 20:04:33
325,139,819,412,4,Desistência,2022-01-03 08:50:12
326,473,190,937,2,Expectativa não atendida,2017-12-28 23:49:49
327,721,321,83,1,Tamanho Inadequado,2020-01-06 10:12:41
328,24,992,839,3,Defeito no Produto,2023-08-17 03:53:30
329,730,583,374,1,Outros,2021-01-20 14:32:04
330,839,774,207,3,Troca,2024-08-06 01:55:13
331,317,680,880,3,Desistência,2020-04-23 16:03:27
332,944,448,835,3,Tamanho Inadequado,2023-02-11 03:35:15
333,851,594,167,5,Desistência,2024-11-25 14:07:56
334,587,268,627,2,Troca,2023-09-16 22:40:02
335,354,145,905,4,Defeito no Produto,2023-08-09 05:59:55
336,775,252,804,3,Desistência,2020-06-21 21:17:44
337,158,622,904,2,Defeito no Produto,2023-10-18 09:16:43
338,348,257,603,5,Desistência,2018-09-09 02:34:41
339,807,812,85,3,Tamanho Inadequado,2023-02-27 16:54:45
340,75,100,376,2,Tamanho Inadequado,2017-03-13 09:28:45
341,440,935,129,1,Expectativa não atendida,2017-07-19 10:58:30
342,813,996,537,1,Troca,2016-12-09 11:56:51
343,747,198,497,5,Expectativa não atendida,2021-04-08 19:10:51
344,337,541,760,5,Tamanho Inadequado,2023-10-03 08:41:39
345,617,963,743,5,Troca,2018-11-03 14:18:49
346,575,862,173,4,Defeito no Produto,2016-02-24 13:44:27
347,10,766,185,3,Desistência,2015-02-08 16:49:37
348,86,277,626,1,Expectativa não atendida,2018-10-09 16:06:24
349,29,536,461,5,Troca,2021-10-21 17:53:09
350,382,334,336,2,Tamanho Inadequado,2018-02-23 01:10:15
351,734,562,625,3,Desistência,2018-02-19 23:11:10
352,935,538,393,2,Desistência,2019-02-05 12:00:43
353,266,647,194,4,Arrependimento,2018-04-27 23:49:48
354,20,412,230,4,Defeito no Produto,2021-06-07 19:10:38
355,756,80,853,2,Defeito no Produto,2018-01-30 12:23:24
356,131,564,429,3,Desistência,2019-12-08 20:38:33
357,611,526,197,3,Expectativa não atendida,2016-05-11 12:20:24
358,776,896,815,5,Defeito no Produto,2023-02-21 13:49:14
359,706,377,974,2,Defeito no Produto,2023-11-01 11:19:29
360,979,770,612,1,Troca,2014-07-07 18:07:58
361,467,99,776,5,Desistência,2022-12-11 17:08:01
362,471,599,846,2,Arrependimento,2014-03-31 19:47:54
363,950,987,355,4,Outros,2020-04-05 02:21:44
364,559,397,611,2,Expectativa não atendida,2018-06-02 19:24:44
365,714,724,54,2,Arrependimento,2020-04-13 06:41:16
366,305,705,823,1,Tamanho Inadequado,2020-12-30 15:51:26
367,363,940,397,3,Troca,2015-11-27 12:25:45
368,19,767,705,3,Troca,2014-12-24 13:01:52
369,642,746,738,3,Arrependimento,2014-12-17 19:01:17
370,519,431,388,5,Tamanho Inadequado,2024-03-07 09:21:31
371,826,684,195,1,Defeito no Produto,2015-06-13 22:31:10
372,324,807,569,4,Defeito no Produto,2024-11-27 12:41:54
373,913,786,356,1,Arrependimento,2023-09-29 17:57:27
374,893,895,253,3,Outros,2024-12-27 13:27:17
375,191,458,810,4,Troca,2023-01-11 13:39:23
376,681,74,825,2,Outros,2024-01-10 17:49:36
377,673,998,479,2,Outros,2018-01-05 05:05:40
378,974,707,989,3,Outros,2024-03-10 15:57:37
379,262,455,748,4,Troca,2024-06-24 01:29:07
380,156,187,489,1,Tamanho Inadequado,2014-11-13 21:46:52
381,725,129,53,1,Troca,2018-02-28 07:20:52
382,764,299,172,5,Outros,2017-06-21 09:56:32
383,753,535,618,4,Desistência,2015-06-10 19:04:03
384,759,599,295,3,Expectativa não atendida,2023-06-10 01:51:08
385,210,707,450,4,Outros,2024-07-21 21:45:22
386,209,623,426,3,Outros,2019-04-30 11:22:08
387,813,169,858,2,Expectativa não atendida,2018-12-24 12:08:17
388,629,446,778,3,Tamanho Inadequado,2016-03-18 06:11:08
389,4,508,42,5,Desistência,2015-05-22 00:47:51
390,214,425,191,4,Arrependimento,2017-03-19 22:16:15
391,371,834,397,5,Outros,2015-03-10 23:53:30
392,553,609,509,4,Outros,2017-02-13 04:16:34
393,243,890,798,2,Defeito no Produto,2024-03-19 22:55:41
394,541,570,174,3,Defeito no Produto,2023-02-04 00:04:12
395,242,757,616,4,Expectativa não atendida,2021-12-12 19:33:30
396,732,103,930,2,Tamanho Inadequado,2017-06-03 07:05:50
397,778,299,755,5,Expectativa não atendida,2015-12-09 23:25:50
398,706,964,672,2,Desistência,2016-01-06 14:13:47
399,267,634,696,2,Arrependimento,2024-11-07 00:16:36
400,869,619,961,5,Defeito no Produto,2019-12-02 09:57:34
401,216,270,845,3,Defeito no Produto,2015-12-15 14:50:57
402,327,253,987,4,Troca,2021-10-26 03:17:30
403,117,731,317,3,Arrependimento,2017-06-16 05:32:19
404,343,316,161,1,Arrependimento,2019-04-11 13:23:51
405,41,203,711,3,Arrependimento,2023-03-29 07:58:12
406,560,439,810,1,Tamanho Inadequado,2016-02-13 06:21:13
407,550,481,445,5,Outros,2014-02-09 12:07:51
408,571,175,209,2,Arrependimento,2019-02-02 11:37:39
409,347,731,626,3,Desistência,2019-09-17 11:57:23
410,997,681,525,4,Tamanho Inadequado,2016-04-14 20:57:57
411,897,907,868,1,Arrependimento,2024-08-04 11:40:30
412,442,150,598,3,Arrependimento,2022-12-22 11:10:45
413,536,746,279,1,Tamanho Inadequado,2017-03-07 15:04:04
414,482,263,544,5,Arrependimento,2022-12-07 18:47:25
415,701,226,958,4,Expectativa não atendida,2016-08-03 05:54:29
416,732,305,284,5,Tamanho Inadequado,2024-10-14 17:48:23
417,372,977,680,1,Expectativa não atendida,2020-04-11 13:55:33
418,863,158,52,5,Defeito no Produto,2015-09-02 21:45:49
419,508,745,867,3,Desistência,2019-07-25 22:18:42
420,664,460,352,4,Expectativa não atendida,2015-03-17 03:47:46
421,864,887,529,1,Defeito no Produto,2015-12-03 08:31:16
422,666,909,689,1,Desistência,2014-03-31 19:18:08
423,229,873,257,2,Tamanho Inadequado,2014-08-08 11:42:08
424,490,857,349,3,Tamanho Inadequado,2015-12-31 09:50:11
425,57,830,967,4,Desistência,2022-07-29 11:13:30
426,510,253,76,2,Troca,2024-08-03 17:31:28
427,651,828,3,1,Tamanho Inadequado,2023-10-28 06:24:27
428,598,436,409,1,Desistência,2024-03-04 21:37:13
429,612,632,23,1,Expectativa não atendida,2017-07-05 05:13:31
430,629,944,89,1,Defeito no Produto,2016-08-14 07:58:01
431,327,13,488,5,Arrependimento,2016-03-06 23:00:55
432,530,922,523,3,Arrependimento,2022-04-30 00:06:25
433,798,582,787,5,Expectativa não atendida,2016-05-12 03:45:08
434,744,937,995,4,Desistência,2022-08-22 01:06:00
435,369,302,717,2,Desistência,2020-09-27 17:34:15
436,217,693,51,3,Troca,2022-08-10 03:06:22
437,846,797,893,4,Tamanho Inadequado,2023-09-16 08:11:05
438,773,245,973,2,Defeito no Produto,2018-07-05 11:05:03
439,121,619,224,5,Tamanho Inadequado,2020-06-20 05:11:01
440,735,474,731,2,Expectativa não atendida,2020-01-22 17:55:55
441,431,967,576,3,Defeito no Produto,2022-07-30 07:24:14
442,901,766,178,1,Desistência,2022-11-02 05:21:37
443,876,921,967,3,Outros,2017-08-08 00:35:00
444,351,496,479,1,Outros,2021-07-24 02:59:23
445,429,402,286,2,Troca,2020-01-23 15:55:03
446,845,252,404,2,Desistência,2018-02-12 08:52:41
447,69,425,839,3,Arrependimento,2020-05-21 15:58:29
448,418,650,538,1,Desistência,2024-06-20 06:10:34
449,460,639,60,1,Desistência,2019-01-01 02:46:04
450,827,217,437,3,Expectativa não atendida,2020-10-19 05:06:56
451,724,465,200,1,Defeito no Produto,2023-12-07 02:03:54
452,124,439,70,3,Defeito no Produto,2024-08-12 12:51:46
453,283,184,572,4,Outros,2020-11-14 08:01:38
454,277,797,300,1,Outros,2015-12-24 08:43:42
455,697,690,731,2,Expectativa não atendida,2022-07-08 20:15:48
456,792,393,550,3,Expectativa não atendida,2022-04-01 17:24:27
457,916,851,463,4,Outros,2019-09-21 02:48:03
458,867,540,246,3,Defeito no Produto,2019-08-29 02:12:20
459,96,875,861,5,Tamanho Inadequado,2016-07-07 23:02:03
460,426,295,908,4,Desistência,2022-03-10 05:36:58
461,376,572,478,2,Defeito no Produto,2021-06-19 10:50:52
462,927,469,369,4,Arrependimento,2017-06-20 23:25:44
463,985,561,41,2,Defeito no Produto,2021-04-06 12:56:41
464,280,691,549,4,Defeito no Produto,2019-11-01 04:30:25
465,996,601,694,3,Outros,2019-12-24 06:17:11
466,351,424,969,2,Expectativa não atendida,2024-04-05 19:39:56
467,286,280,308,3,Desistência,2015-05-23 09:03:03
468,431,210,386,1,Outros,2018-09-17 04:26:07
469,598,991,924,3,Troca,2024-10-01 07:11:59
470,199,654,267,1,Troca,2022-12-06 18:57:44
471,982,852,855,3,Defeito no Produto,2024-03-20 23:16:04
472,231,340,323,1,Defeito no Produto,2020-12-20 19:53:04
473,138,627,118,5,Troca,2019-03-01 04:53:49
474,477,189,879,4,Expectativa não atendida,2020-10-04 08:03:31
475,918,359,501,4,Defeito no Produto,2018-04-29 01:42:02
476,527,236,121,4,Defeito no Produto,2018-06-24 13:47:01
477,615,169,776,2,Troca,2018-05-10 13:29:37
478,880,262,540,3,Troca,2014-04-11 01:55:15
479,803,476,19,5,Expectativa não atendida,2021-04-15 10:54:22
480,211,86,678,5,Arrependimento,2017-03-23 20:08:18
481,124,388,332,3,Defeito no Produto,2021-11-30 16:06:23
482,154,621,841,1,Defeito no Produto,2021-12-19 01:08:02
483,1,449,823,5,Defeito no Produto,2018-03-19 06:52:10
484,567,443,506,1,Troca,2018-11-27 15:20:40
485,969,205,135,2,Outros,2015-11-27 06:37:56
486,267,408,735,5,Outros,2021-09-24 21:12:41
487,563,700,176,1,Tamanho Inadequado,2018-01-07 20:47:15
488,325,612,156,3,Outros,2021-06-29 16:36:22
489,806,765,594,3,Tamanho Inadequado,2023-04-25 03:18:11
490,630,877,596,4,Troca,2016-05-26 04:10:55
491,358,886,852,4,Arrependimento,2022-11-14 10:02:39
492,781,80,48,3,Troca,2019-10-09 07:02:35
493,958,332,12,1,Desistência,2017-02-14 00:08:13
494,205,610,932,2,Tamanho Inadequado,2023-11-19 21:18:45
495,471,48,400,5,Troca,2020-07-02 02:54:45
496,7,56,660,3,Arrependimento,2017-09-14 13:47:46
497,438,13,952,4,Outros,2023-04-09 05:26:17
498,290,162,52,5,Troca,2016-07-02 07:13:42
499,927,327,487,2,Outros,2016-02-26 03:22:38
500,489,619,608,1,Tamanho Inadequado,2020-10-05 01:48:48
501,5,136,127,4,Defeito no Produto,2015-02-12 07:05:04
502,406,466,848,2,Expectativa não atendida,2019-09-07 04:57:50
503,296,672,218,2,Desistência,2020-12-30 17:04:47
504,14,526,523,5,Arrependimento,2016-04-25 07:51:12
505,766,606,78,2,Desistência,2022-11-25 12:22:27
506,823,453,987,2,Outros,2018-05-19 00:25:02
507,834,611,344,5,Defeito no Produto,2024-04-17 22:30:29
508,540,541,868,2,Desistência,2020-11-28 23:19:40
509,152,841,814,2,Arrependimento,2020-04-22 01:11:11
510,142,850,684,4,Outros,2016-04-07 12:05:09
511,948,660,95,2,Troca,2023-06-19 18:42:11
512,212,422,90,1,Desistência,2024-10-19 04:46:34
513,446,512,937,3,Defeito no Produto,2020-03-23 08:03:30
514,156,226,881,2,Desistência,2021-03-22 04:38:39
515,943,257,241,4,Outros,2019-05-03 04:40:57
516,598,751,975,1,Troca,2015-07-09 00:29:44
517,129,258,590,5,Outros,2015-02-27 15:04:26
518,902,881,312,5,Tamanho Inadequado,2014-06-16 04:21:08
519,597,365,558,1,Defeito no Produto,2024-10-14 13:15:31
520,154,990,887,3,Desistência,2019-08-26 07:40:54
521,137,978,152,4,Outros,2019-05-25 07:08:18
522,63,863,586,3,Tamanho Inadequado,2024-10-01 16:07:18
523,469,56,454,4,Defeito no Produto,2021-12-30 12:45:29
524,69,476,46,4,Expectativa não atendida,2019-07-11 20:04:15
525,506,879,796,3,Arrependimento,2015-11-01 08:01:50
526,727,47,35,5,Expectativa não atendida,2022-05-13 11:16:40
527,788,489,81,1,Arrependimento,2020-02-06 16:20:21
528,407,597,344,2,Troca,2014-02-20 16:45:07
529,924,212,936,3,Tamanho Inadequado,2024-11-07 05:17:18
530,524,981,851,1,Troca,2018-09-02 06:55:47
531,399,431,216,5,Arrependimento,2024-09-21 14:16:59
532,331,828,939,2,Expectativa não atendida,2024-10-22 14:06:08
533,229,593,947,3,Defeito no Produto,2017-07-02 08:55:02
534,762,436,115,5,Outros,2023-08-30 12:56:59
535,179,1000,955,5,Expectativa não atendida,2024-07-14 15:48:53
536,206,948,767,4,Troca,2024-11-04 09:22:24
537,856,14,87,1,Desistência,2023-11-24 16:40:43
538,334,893,526,4,Desistência,2018-05-14 19:23:31
539,457,355,585,4,Troca,2023-06-29 14:35:44
540,884,693,310,1,Defeito no Produto,2014-08-28 19:30:51
541,332,646,812,4,Arrependimento,2015-02-23 02:45:32
542,464,554,278,5,Outros,2015-11-01 05:51:45
543,473,836,6,4,Arrependimento,2020-12-17 21:34:06
544,283,796,61,1,Defeito no Produto,2018-05-13 06:11:52
545,87,24,84,5,Outros,2019-10-15 07:57:17
546,349,482,487,2,Desistência,2021-03-18 05:06:47
547,304,582,143,3,Expectativa não atendida,2015-11-09 08:00:23
548,61,354,10,1,Desistência,2014-10-29 16:01:32
549,288,988,976,3,Expectativa não atendida,2018-12-19 01:33:58
550,119,968,420,4,Troca,2016-06-04 12:40:14
551,438,398,710,2,Defeito no Produto,2023-09-22 18:54:50
552,872,402,583,2,Outros,2014-10-21 14:30:46
553,813,943,672,2,Arrependimento,2015-08-08 10:34:44
554,71,376,780,4,Defeito no Produto,2022-10-03 11:13:27
555,636,971,498,4,Arrependimento,2022-04-19 22:44:14
556,105,869,57,5,Desistência,2018-12-01 08:46:36
557,466,424,845,2,Outros,2015-10-04 19:10:23
558,645,869,181,3,Defeito no Produto,2020-06-30 07:03:04
559,334,236,331,1,Defeito no Produto,2018-07-04 12:08:20
560,246,143,246,1,Arrependimento,2021-07-18 18:13:42
561,218,905,172,4,Desistência,2021-10-14 21:00:11
562,379,298,238,5,Tamanho Inadequado,2023-01-18 00:56:17
563,217,801,232,4,Expectativa não atendida,2024-03-28 21:37:45
564,187,140,974,2,Outros,2021-11-14 23:36:30
565,912,788,707,4,Arrependimento,2015-06-23 02:06:44
566,38,938,912,1,Defeito no Produto,2014-04-20 07:14:51
567,203,937,640,1,Outros,2017-06-04 17:02:06
568,883,914,873,4,Desistência,2024-12-27 01:09:41
569,61,999,659,5,Tamanho Inadequado,2014-05-16 14:56:17
570,218,785,493,4,Expectativa não atendida,2018-07-02 10:48:11
571,707,289,557,2,Troca,2019-10-25 19:57:52
572,778,994,842,4,Tamanho Inadequado,2014-09-17 18:56:31
573,565,467,720,2,Troca,2014-02-25 06:23:06
574,689,340,824,5,Outros,2014-05-02 17:17:59
575,786,206,615,4,Defeito no Produto,2022-02-24 07:35:21
576,819,59,644,4,Troca,2020-06-16 22:05:11
577,997,669,884,5,Desistência,2022-07-29 18:09:36
578,357,121,225,3,Outros,2020-09-24 16:34:25
579,428,344,763,3,Tamanho Inadequado,2017-06-26 14:46:50
580,63,374,497,4,Defeito no Produto,2018-08-06 10:23:03
581,101,312,713,2,Expectativa não atendida,2016-01-19 21:53:44
582,874,135,420,2,Defeito no Produto,2015-10-26 05:22:18
583,742,629,258,1,Troca,2017-12-06 20:20:39
584,43,71,229,4,Expectativa não atendida,2015-03-01 21:57:18
585,418,548,36,1,Troca,2021-02-14 12:48:17
586,775,272,716,1,Outros,2015-10-20 09:41:10
587,373,949,122,1,Tamanho Inadequado,2019-03-07 16:34:17
588,848,779,968,1,Troca,2021-08-26 11:25:49
589,707,554,691,3,Arrependimento,2023-09-27 14:49:59
590,273,183,331,4,Outros,2018-03-19 07:11:20
591,713,827,229,3,Outros,2021-11-12 16:27:40
592,608,670,736,5,Tamanho Inadequado,2022-08-16 03:11:38
593,359,807,59,1,Arrependimento,2022-02-07 16:30:19
594,734,339,997,1,Troca,2024-05-06 17:05:20
595,809,818,818,4,Expectativa não atendida,2018-12-10 15:55:37
596,124,600,402,2,Arrependimento,2019-11-02 19:34:59
597,503,645,590,3,Defeito no Produto,2014-09-29 17:11:57
598,652,637,966,1,Tamanho Inadequado,2014-11-07 15:23:41
599,876,101,429,1,Defeito no Produto,2014-02-22 01:29:58
600,538,241,540,3,Expectativa não atendida,2018-03-07 02:30:46
601,509,281,537,5,Troca,2019-10-26 23:10:04
602,276,248,623,5,Outros,2016-12-01 13:50:17
603,853,546,186,5,Outros,2024-03-17 12:04:51
604,306,652,304,5,Troca,2016-10-02 08:52:33
605,616,208,373,1,Tamanho Inadequado,2022-04-30 23:07:04
606,85,986,377,3,Tamanho Inadequado,2023-08-11 21:06:27
607,38,308,950,5,Troca,2017-05-27 04:31:33
608,433,284,910,3,Troca,2023-01-24 16:35:32
609,914,747,110,5,Outros,2017-11-11 00:31:04
610,965,518,298,3,Tamanho Inadequado,2020-12-11 10:22:09
611,655,150,670,5,Troca,2022-08-31 19:40:22
612,484,707,138,3,Troca,2023-03-31 05:07:52
613,873,623,13,3,Tamanho Inadequado,2023-01-28 07:22:23
614,33,876,325,2,Desistência,2019-08-06 21:08:45
615,950,564,782,5,Troca,2021-05-10 02:55:39
616,379,268,17,3,Arrependimento,2023-03-21 22:15:57
617,476,907,799,2,Arrependimento,2024-02-02 23:25:58
618,929,286,934,4,Tamanho Inadequado,2018-03-14 05:56:57
619,564,617,173,3,Arrependimento,2015-06-08 11:16:24
620,669,146,506,3,Arrependimento,2016-12-12 08:19:22
621,549,477,553,1,Expectativa não atendida,2014-11-24 18:04:56
622,452,842,165,4,Desistência,2018-10-09 12:57:56
623,195,785,994,5,Outros,2018-02-06 00:25:45
624,824,21,633,4,Troca,2021-06-18 11:10:43
625,133,171,652,1,Defeito no Produto,2018-08-02 02:37:24
626,699,729,192,3,Troca,2018-11-29 04:48:34
627,645,382,695,3,Outros,2021-07-24 02:06:24
628,370,679,262,5,Tamanho Inadequado,2022-12-11 00:29:43
629,1000,296,789,5,Outros,2017-09-26 13:21:52
630,710,718,591,2,Expectativa não atendida,2019-03-22 01:31:25
631,341,236,970,4,Outros,2024-12-27 20:07:15
632,517,986,234,5,Expectativa não atendida,2016-08-23 22:04:10
633,764,634,105,5,Arrependimento,2022-11-09 11:27:24
634,94,211,757,5,Troca,2021-03-17 17:56:18
635,129,186,148,1,Tamanho Inadequado,2024-10-19 19:29:46
636,289,823,904,3,Troca,2022-03-19 20:02:06
637,794,746,874,4,Arrependimento,2017-11-12 13:03:56
638,478,754,156,2,Arrependimento,2020-11-06 03:26:09
639,710,228,120,3,Defeito no Produto,2016-01-31 23:02:49
640,503,677,629,2,Tamanho Inadequado,2019-04-28 09:00:33
641,756,115,127,4,Tamanho Inadequado,2020-06-27 09:21:43
642,310,937,496,3,Defeito no Produto,2024-12-02 11:16:47
643,149,170,19,3,Expectativa não atendida,2015-12-20 04:05:22
644,976,232,1000,1,Outros,2023-09-16 11:05:34
645,374,308,399,3,Desistência,2017-01-24 04:49:47
646,328,881,834,2,Tamanho Inadequado,2016-02-06 18:28:34
647,662,36,894,2,Outros,2015-10-08 03:29:52
648,636,617,7,1,Desistência,2021-11-08 23:34:21
649,360,8,399,1,Defeito no Produto,2017-03-14 05:20:14
650,404,744,870,2,Outros,2021-11-27 17:05:27
651,879,558,310,5,Arrependimento,2020-08-08 14:43:55
652,746,142,306,5,Troca,2021-10-16 08:09:03
653,293,290,381,4,Defeito no Produto,2015-06-08 19:20:25
654,831,648,82,4,Troca,2014-05-01 12:51:24
655,969,965,180,2,Troca,2024-02-25 20:17:59
656,598,217,749,4,Arrependimento,2019-12-08 11:35:48
657,260,66,577,2,Expectativa não atendida,2016-05-09 09:50:48
658,534,132,524,3,Tamanho Inadequado,2022-03-30 10:49:18
659,513,964,568,4,Troca,2015-03-16 04:37:15
660,989,395,469,4,Outros,2016-12-13 17:27:45
661,641,455,734,1,Troca,2019-08-08 21:09:25
662,46,147,231,3,Desistência,2017-08-07 22:03:07
663,561,292,663,3,Desistência,2024-02-06 13:35:46
664,721,65,209,1,Expectativa não atendida,2019-03-22 09:45:05
665,363,861,936,5,Outros,2023-01-27 04:58:27
666,722,44,977,4,Outros,2019-03-14 04:39:40
667,846,220,477,1,Arrependimento,2021-11-02 14:39:37
668,20,739,137,4,Expectativa não atendida,2014-05-28 16:22:40
669,488,491,931,3,Troca,2019-10-25 15:42:17
670,830,894,222,1,Expectativa não atendida,2023-04-10 16:11:55
671,441,409,471,5,Troca,2018-05-02 16:38:18
672,932,210,963,2,Tamanho Inadequado,2014-01-20 08:59:33
673,661,26,629,4,Tamanho Inadequado,2017-06-02 13:49:29
674,365,896,45,4,Defeito no Produto,2021-05-29 19:29:28
675,266,562,286,5,Expectativa não atendida,2020-12-31 13:36:31
676,818,385,17,3,Desistência,2022-07-05 15:47:20
677,43,833,494,1,Outros,2018-01-26 05:29:05
678,824,470,466,1,Defeito no Produto,2024-11-14 06:15:17
679,101,992,124,3,Outros,2017-09-01 20:26:33
680,664,269,664,1,Arrependimento,2024-07-07 08:23:43
681,303,254,368,3,Troca,2024-01-05 17:05:27
682,95,348,557,1,Outros,2017-12-27 03:05:54
683,689,845,652,4,Troca,2024-07-22 22:22:40
684,289,805,935,2,Troca,2021-04-10 18:32:03
685,247,587,982,1,Arrependimento,2015-08-11 22:49:51
686,553,834,256,3,Outros,2021-04-30 12:59:49
687,880,619,332,5,Desistência,2023-08-17 08:44:27
688,410,786,536,2,Troca,2015-04-08 17:20:31
689,380,655,265,4,Troca,2021-10-02 20:08:08
690,501,478,97,1,Defeito no Produto,2017-11-16 06:11:34
691,785,183,27,4,Arrependimento,2024-10-25 10:43:15
692,312,733,279,2,Defeito no Produto,2016-07-12 07:42:31
693,966,37,139,4,Defeito no Produto,2017-01-07 07:06:18
694,331,972,473,1,Arrependimento,2016-04-23 03:16:12
695,307,294,130,2,Desistência,2014-09-05 09:26:34
696,622,149,796,2,Outros,2024-12-15 09:43:10
697,552,785,923,3,Tamanho Inadequado,2015-07-18 22:13:48
698,867,248,401,4,Tamanho Inadequado,2018-12-13 17:28:52
699,858,579,335,1,Desistência,2018-10-07 19:11:00
700,282,947,124,5,Tamanho Inadequado,2015-09-30 02:27:11
701,754,617,19,4,Defeito no Produto,2020-08-09 14:15:24
702,275,119,563,4,Arrependimento,2024-08-27 21:38:33
703,978,988,404,5,Outros,2014-12-24 21:09:45
704,796,114,470,2,Outros,2020-03-09 14:07:42
705,769,220,412,4,Desistência,2017-01-20 14:52:35
706,197,725,992,2,Desistência,2020-05-22 12:52:53
707,345,635,762,4,Arrependimento,2021-02-06 00:06:52
708,988,980,575,4,Defeito no Produto,2015-05-05 17:50:29
709,185,680,760,5,Outros,2017-06-11 07:17:16
710,865,538,372,4,Expectativa não atendida,2022-10-02 03:46:18
711,493,130,416,1,Expectativa não atendida,2017-04-20 04:01:21
712,21,711,158,3,Desistência,2024-12-18 04:27:09
713,385,416,643,5,Tamanho Inadequado,2014-01-13 09:02:18
714,886,278,827,2,Desistência,2024-07-29 10:02:08
715,239,529,645,2,Outros,2021-12-01 08:33:57
716,266,796,630,5,Tamanho Inadequado,2019-11-28 17:42:30
717,417,35,498,3,Outros,2024-07-27 23:33:16
718,93,133,596,1,Defeito no Produto,2023-01-05 17:29:55
719,447,655,98,2,Desistência,2023-09-25 01:04:51
720,304,218,386,1,Desistência,2023-02-06 10:50:49
721,359,303,615,4,Troca,2022-07-30 17:01:04
722,223,404,589,2,Arrependimento,2018-03-03 17:52:47
723,271,681,964,2,Expectativa não atendida,2023-09-22 07:06:17
724,674,589,664,1,Defeito no Produto,2020-07-03 16:17:38
725,501,725,627,2,Troca,2020-10-04 23:09:58
726,714,79,977,4,Defeito no Produto,2015-09-30 07:20:32
727,166,505,495,5,Expectativa não atendida,2024-05-12 02:16:42
728,492,231,626,2,Expectativa não atendida,2016-09-24 17:54:43
729,982,766,445,3,Expectativa não atendida,2024-01-02 17:24:21
730,921,396,727,4,Defeito no Produto,2019-05-27 22:12:12
731,796,867,200,4,Troca,2020-10-10 12:42:50
732,631,316,213,4,Outros,2014-10-02 10:07:57
733,751,614,73,2,Outros,2021-08-06 01:38:31
734,666,953,35,1,Troca,2018-05-23 11:42:36
735,216,263,205,3,Arrependimento,2014-08-23 18:56:44
736,125,802,715,4,Desistência,2016-01-21 01:24:50
737,318,56,836,4,Defeito no Produto,2014-06-29 10:59:15
738,81,730,959,2,Defeito no Produto,2019-06-14 02:11:20
739,149,456,367,3,Troca,2023-06-15 03:28:42
740,964,746,297,5,Desistência,2019-12-18 06:04:42
741,297,968,94,3,Desistência,2021-05-13 21:56:59
742,477,289,374,2,Desistência,2019-05-29 12:39:35
743,180,182,488,2,Desistência,2024-06-22 10:28:10
744,635,511,531,4,Expectativa não atendida,2020-04-05 20:14:37
745,336,158,37,4,Desistência,2018-10-10 21:27:53
746,924,838,496,3,Expectativa não atendida,2020-10-15 12:27:16
747,462,359,891,1,Defeito no Produto,2016-07-28 13:53:38
748,283,582,569,4,Tamanho Inadequado,2017-12-31 08:39:26
749,44,187,188,2,Outros,2019-07-22 12:56:14
750,937,367,379,1,Outros,2019-07-10 12:45:09
751,770,780,552,5,Tamanho Inadequado,2018-02-21 18:52:49
752,362,646,264,4,Arrependimento,2023-11-16 00:55:46
753,810,514,47,4,Arrependimento,2015-03-22 00:22:52
754,475,490,123,5,Expectativa não atendida,2016-12-01 09:38:15
755,737,750,423,1,Tamanho Inadequado,2016-01-05 16:50:34
756,771,336,826,4,Troca,2016-03-26 11:50:59
757,598,483,483,1,Expectativa não atendida,2023-05-24 16:15:48
758,35,545,940,5,Expectativa não atendida,2021-08-11 05:38:10
759,635,646,296,4,Tamanho Inadequado,2014-01-25 07:01:40
760,162,348,744,3,Tamanho Inadequado,2015-12-04 23:49:34
761,744,692,824,4,Outros,2018-09-09 02:25:41
762,23,572,299,3,Troca,2018-11-27 22:12:56
763,537,552,111,3,Defeito no Produto,2018-12-05 10:10:25
764,266,675,96,3,Troca,2014-04-11 15:14:40
765,440,398,637,1,Expectativa não atendida,2019-03-13 15:33:55
766,867,184,447,5,Defeito no Produto,2015-12-23 03:43:50
767,405,66,503,1,Outros,2017-09-04 13:26:44
768,395,784,679,1,Arrependimento,2019-01-08 18:59:41
769,750,639,252,3,Troca,2015-08-14 19:36:43
770,421,955,849,5,Expectativa não atendida,2015-05-04 06:37:35
771,543,856,120,2,Tamanho Inadequado,2015-02-14 21:17:56
772,831,670,398,5,Expectativa não atendida,2016-07-27 21:48:00
773,98,688,442,4,Outros,2014-03-27 06:13:01
774,780,850,500,2,Desistência,2020-02-22 14:48:46
775,99,852,180,4,Defeito no Produto,2018-11-13 06:05:24
776,474,986,524,2,Arrependimento,2024-05-31 05:26:43
777,774,502,357,5,Expectativa não atendida,2014-01-13 18:30:40
778,192,430,442,3,Desistência,2019-12-14 16:45:21
779,783,493,539,5,Outros,2019-04-17 05:49:17
780,222,605,807,4,Arrependimento,2024-03-26 18:19:04
781,597,588,386,4,Desistência,2024-08-24 22:03:47
782,272,987,911,2,Defeito no Produto,2014-02-19 09:50:37
783,809,274,851,3,Outros,2017-11-09 01:18:35
784,945,778,905,5,Tamanho Inadequado,2024-08-29 09:04:40
785,552,203,912,2,Tamanho Inadequado,2021-09-09 11:11:06
786,832,565,452,3,Arrependimento,2021-07-28 08:48:12
787,500,568,346,3,Troca,2021-04-02 22:46:10
788,43,682,969,5,Expectativa não atendida,2018-08-28 19:06:16
789,248,816,769,1,Arrependimento,2018-11-15 18:41:05
790,736,522,32,3,Defeito no Produto,2017-09-18 14:01:47
791,588,96,305,4,Desistência,2017-08-13 14:51:23
792,179,826,741,2,Defeito no Produto,2014-04-30 09:44:29
793,308,346,164,2,Tamanho Inadequado,2019-09-02 17:56:34
794,208,506,193,2,Troca,2015-09-03 22:34:41
795,707,284,643,4,Tamanho Inadequado,2023-09-12 16:21:44
796,824,608,435,4,Troca,2021-02-19 20:34:06
797,367,785,827,5,Tamanho Inadequado,2024-08-01 10:21:06
798,727,874,639,3,Outros,2020-01-19 00:40:17
799,752,79,29,4,Expectativa não atendida,2020-10-17 21:42:04
800,140,945,127,1,Outros,2019-07-12 23:36:36
801,565,991,905,2,Arrependimento,2016-08-22 05:45:16
802,774,308,772,1,Outros,2023-07-08 03:38:49
803,157,526,532,1,Outros,2018-12-25 08:24:38
804,589,329,71,4,Defeito no Produto,2021-07-17 12:42:57
805,402,390,892,3,Desistência,2019-09-23 21:06:07
806,440,143,71,2,Defeito no Produto,2020-06-01 19:46:37
807,416,134,480,2,Tamanho Inadequado,2023-08-10 23:58:38
808,197,21,655,1,Tamanho Inadequado,2015-09-06 18:48:49
809,793,244,795,1,Troca,2017-09-03 21:54:21
810,422,1,70,2,Expectativa não atendida,2018-09-12 19:20:22
811,396,201,831,1,Desistência,2021-12-19 02:55:44
812,800,125,987,2,Defeito no Produto,2021-03-17 19:49:55
813,290,1,928,2,Troca,2018-01-11 21:51:15
814,435,999,404,3,Outros,2022-05-22 13:42:26
815,625,283,337,1,Expectativa não atendida,2016-08-19 15:46:11
816,967,368,156,1,Defeito no Produto,2015-12-04 08:32:03
817,11,3,603,2,Desistência,2024-10-01 16:11:01
818,425,232,101,5,Expectativa não atendida,2019-11-19 13:01:30
819,673,217,268,3,Troca,2014-10-01 23:46:27
820,135,732,150,1,Outros,2019-08-12 04:35:04
821,140,403,912,4,Outros,2022-05-19 07:30:05
822,656,825,499,2,Tamanho Inadequado,2023-10-08 08:42:40
823,795,990,572,3,Troca,2014-07-25 13:22:52
824,91,123,729,5,Expectativa não atendida,2020-04-07 10:33:42
825,389,135,992,4,Desistência,2016-12-28 12:18:14
826,597,111,667,1,Arrependimento,2018-11-05 13:22:42
827,923,788,141,3,Desistência,2022-03-12 15:07:59
828,206,499,187,3,Desistência,2015-04-22 07:31:01
829,116,302,655,4,Desistência,2019-04-17 03:42:10
830,167,773,438,1,Expectativa não atendida,2017-09-03 02:24:23
831,793,512,197,5,Defeito no Produto,2018-03-27 08:03:13
832,220,366,282,2,Arrependimento,2018-05-15 23:32:57
833,822,245,575,5,Defeito no Produto,2020-12-08 16:36:02
834,454,291,945,1,Troca,2015-10-11 16:15:30
835,241,316,132,1,Tamanho Inadequado,2018-01-14 09:07:20
836,113,264,375,5,Troca,2014-12-25 15:28:23
837,849,636,951,1,Expectativa não atendida,2020-12-18 13:38:01
838,759,46,142,5,Defeito no Produto,2017-01-26 00:15:00
839,498,291,246,5,Troca,2024-10-19 07:56:54
840,330,12,439,4,Desistência,2022-01-14 13:38:06
841,534,731,680,4,Troca,2020-06-18 02:15:52
842,854,622,326,5,Troca,2021-06-09 08:53:06
843,764,296,36,5,Arrependimento,2023-07-22 18:41:54
844,496,121,558,3,Desistência,2019-12-20 21:54:27
845,363,422,408,1,Tamanho Inadequado,2019-01-23 01:59:30
846,354,897,991,5,Defeito no Produto,2022-08-03 11:27:25
847,981,394,319,3,Troca,2023-10-25 02:26:19
848,328,557,395,4,Arrependimento,2016-02-09 18:29:12
849,604,849,629,1,Arrependimento,2014-10-15 00:18:17
850,218,883,912,2,Desistência,2021-10-03 00:44:04
851,347,588,72,2,Troca,2020-09-30 03:47:32
852,350,651,226,3,Tamanho Inadequado,2021-10-07 01:20:33
853,95,510,408,3,Defeito no Produto,2015-03-03 23:11:23
854,1000,539,514,5,Tamanho Inadequado,2023-11-08 10:23:45
855,949,330,325,1,Troca,2016-10-02 04:22:54
856,185,35,18,4,Outros,2024-09-06 17:09:35
857,213,998,756,4,Outros,2014-09-07 13:58:59
858,219,482,231,3,Defeito no Produto,2020-12-01 06:18:11
859,918,797,654,1,Defeito no Produto,2024-02-04 11:08:09
860,591,19,784,5,Tamanho Inadequado,2019-11-01 09:48:39
861,303,212,134,2,Arrependimento,2018-11-11 13:48:57
862,159,125,486,4,Expectativa não atendida,2024-01-01 15:54:18
863,859,407,822,5,Desistência,2021-10-24 18:19:37
864,488,917,153,3,Desistência,2018-07-21 22:52:00
865,473,638,80,3,Expectativa não atendida,2018-01-22 01:17:27
866,633,67,833,3,Outros,2015-12-21 12:35:51
867,577,897,124,3,Defeito no Produto,2015-09-10 03:17:20
868,418,671,318,5,Tamanho Inadequado,2014-05-22 23:09:52
869,327,405,78,4,Tamanho Inadequado,2014-12-11 13:54:36
870,757,528,76,5,Defeito no Produto,2022-09-26 13:03:30
871,553,305,838,2,Outros,2021-07-06 12:56:39
872,822,769,839,2,Troca,2022-06-14 04:42:00
873,610,431,449,2,Arrependimento,2014-10-17 06:36:11
874,455,993,446,2,Defeito no Produto,2024-09-23 13:07:16
875,525,375,455,1,Outros,2017-11-10 23:24:44
876,172,508,41,2,Outros,2014-06-10 00:25:35
877,108,480,263,5,Outros,2018-01-28 10:03:49
878,106,384,986,3,Troca,2019-04-17 16:21:20
879,396,731,103,4,Tamanho Inadequado,2019-11-01 02:31:15
880,127,880,640,3,Arrependimento,2016-09-10 14:06:43
881,45,40,757,3,Expectativa não atendida,2016-01-01 19:23:38
882,881,984,489,5,Expectativa não atendida,2017-02-23 10:08:56
883,464,647,247,1,Arrependimento,2019-04-09 16:39:30
884,483,731,190,4,Outros,2021-12-22 17:23:23
885,489,93,315,1,Tamanho Inadequado,2022-09-15 04:50:14
886,186,768,778,3,Desistência,2021-03-15 17:26:12
887,307,659,909,2,Arrependimento,2024-09-04 02:21:59
888,645,540,233,3,Expectativa não atendida,2018-03-18 08:46:17
889,596,505,166,1,Tamanho Inadequado,2015-03-11 09:48:49
890,467,837,196,2,Desistência,2019-07-25 10:29:34
891,723,469,921,5,Outros,2015-10-21 11:35:21
892,392,14,537,2,Defeito no Produto,2016-03-25 05:36:41
893,98,487,802,4,Desistência,2018-11-25 17:41:04
894,531,847,205,5,Arrependimento,2020-02-17 02:39:30
895,88,79,945,3,Troca,2017-09-23 08:58:19
896,186,322,501,3,Defeito no Produto,2024-11-08 23:23:43
897,768,806,391,3,Outros,2022-12-19 18:44:56
898,463,233,362,3,Troca,2023-02-13 08:07:38
899,958,860,166,5,Outros,2022-09-05 14:18:31
900,83,86,548,2,Desistência,2022-06-02 11:05:31
901,224,905,124,5,Arrependimento,2015-06-30 00:20:11
902,324,27,212,4,Troca,2019-05-07 00:10:29
903,960,643,48,3,Arrependimento,2022-09-19 20:54:30
904,581,475,768,1,Defeito no Produto,2015-01-28 15:49:32
905,185,943,134,3,Troca,2024-11-24 09:51:08
906,340,542,465,3,Arrependimento,2024-10-20 20:23:10
907,611,369,988,2,Arrependimento,2017-02-08 20:00:46
908,856,167,677,3,Defeito no Produto,2024-11-27 18:47:18
909,16,660,243,3,Expectativa não atendida,2016-04-02 14:57:42
910,206,525,449,1,Desistência,2018-07-15 17:01:21
911,203,256,999,3,Outros,2020-12-01 14:11:00
912,986,929,586,2,Expectativa não atendida,2014-03-01 23:52:43
913,974,289,646,4,Tamanho Inadequado,2023-06-29 13:46:07
914,118,960,814,3,Outros,2017-11-13 10:00:27
915,450,132,680,4,Troca,2024-06-11 12:22:52
916,981,947,122,3,Tamanho Inadequado,2024-03-01 18:35:09
917,86,883,395,5,Outros,2017-08-09 12:08:42
918,38,434,40,4,Outros,2023-10-30 22:40:09
919,378,64,443,2,Outros,2024-01-02 00:53:39
920,800,182,168,2,Arrependimento,2019-02-02 12:06:17
921,668,271,89,2,Defeito no Produto,2020-03-24 23:12:06
922,6,877,587,5,Troca,2022-03-20 08:50:29
923,608,824,565,5,Outros,2020-12-05 15:57:47
924,659,727,425,2,Desistência,2016-07-22 14:42:50
925,620,114,543,1,Tamanho Inadequado,2021-10-16 11:50:00
926,355,510,766,1,Desistência,2017-11-17 06:52:08
927,6,268,274,3,Desistência,2018-07-04 16:03:49
928,963,589,897,5,Outros,2019-06-17 02:18:11
929,556,86,623,4,Desistência,2014-08-10 23:52:42
930,519,601,915,2,Expectativa não atendida,2022-04-13 13:10:21
931,146,628,791,3,Arrependimento,2020-04-29 10:21:24
932,755,129,68,3,Troca,2014-03-20 22:27:59
933,840,7,690,4,Desistência,2023-06-05 17:41:11
934,561,155,692,2,Outros,2014-11-25 12:40:14
935,606,819,192,4,Defeito no Produto,2022-04-23 21:33:11
936,489,781,638,1,Expectativa não atendida,2014-08-16 18:20:41
937,304,649,697,3,Outros,2014-11-07 12:17:03
938,81,909,400,1,Troca,2017-09-08 09:58:24
939,628,74,26,4,Desistência,2020-11-23 15:36:35
940,703,333,948,3,Outros,2024-10-02 18:10:02
941,91,986,684,3,Tamanho Inadequado,2019-02-18 07:16:12
942,386,865,456,4,Expectativa não atendida,2015-08-28 12:23:07
943,732,212,371,5,Tamanho Inadequado,2022-05-18 08:55:36
944,958,834,11,5,Desistência,2023-04-06 17:44:28
945,492,381,379,1,Arrependimento,2024-07-18 21:36:28
946,406,916,806,4,Defeito no Produto,2016-07-30 22:26:22
947,537,736,841,1,Desistência,2015-10-23 00:28:14
948,239,188,117,3,Tamanho Inadequado,2017-12-24 15:29:54
949,275,982,930,4,Outros,2024-12-13 11:03:19
950,776,797,788,5,Defeito no Produto,2016-09-22 12:08:40
951,698,984,652,1,Defeito no Produto,2022-10-15 17:43:25
952,893,839,817,5,Defeito no Produto,2019-08-19 18:49:22
953,591,353,478,4,Tamanho Inadequado,2021-07-26 11:11:53
954,815,54,188,4,Defeito no Produto,2021-04-20 11:47:13
955,857,404,47,2,Tamanho Inadequado,2021-11-26 06:18:36
956,65,995,469,1,Troca,2023-03-03 16:16:56
957,836,494,787,2,Troca,2018-07-23 08:11:04
958,436,654,183,2,Defeito no Produto,2020-07-29 04:08:52
959,982,779,248,1,Outros,2022-03-24 12:39:31
960,89,854,884,2,Arrependimento,2024-04-18 18:58:36
961,31,831,699,2,Outros,2014-08-06 11:59:39
962,353,950,456,4,Desistência,2022-05-17 21:30:29
963,712,411,734,2,Defeito no Produto,2017-03-19 21:55:51
964,16,754,897,4,Troca,2017-05-16 12:40:47
965,626,179,345,1,Tamanho Inadequado,2016-01-05 21:13:36
966,491,28,590,5,Troca,2017-06-30 13:18:54
967,130,60,445,4,Outros,2014-01-31 16:04:56
968,503,657,674,2,Tamanho Inadequado,2018-05-13 19:33:01
969,274,989,348,5,Arrependimento,2023-06-06 08:11:55
970,664,723,877,3,Expectativa não atendida,2014-12-11 19:03:12
971,674,14,548,1,Expectativa não atendida,2017-04-26 08:46:04
972,942,370,600,5,Desistência,2015-03-24 11:28:44
973,69,934,747,4,Outros,2024-11-05 23:27:35
974,463,634,626,3,Tamanho Inadequado,2023-07-07 08:30:55
975,178,28,947,3,Tamanho Inadequado,2022-03-07 00:47:57
976,953,864,574,4,Expectativa não atendida,2016-03-07 01:21:43
977,912,328,604,1,Troca,2019-08-14 05:23:58
978,452,929,986,5,Tamanho Inadequado,2014-06-05 16:52:47
979,120,649,916,2,Expectativa não atendida,2021-05-02 15:21:49
980,219,146,229,2,Tamanho Inadequado,2024-06-12 11:10:41
981,17,926,800,5,Troca,2017-01-27 12:43:29
982,155,657,408,3,Desistência,2021-06-28 15:29:13
983,314,539,173,2,Expectativa não atendida,2018-07-11 14:08:32
984,744,170,529,3,Arrependimento,2018-05-04 13:22:03
985,727,891,753,5,Troca,2016-05-22 03:45:46
986,119,305,689,4,Expectativa não atendida,2017-03-19 00:26:23
987,864,272,263,4,Tamanho Inadequado,2021-03-14 12:47:46
988,554,732,664,4,Arrependimento,2015-07-31 14:57:37
989,956,982,716,4,Defeito no Produto,2018-01-19 17:41:44
990,555,645,986,3,Outros,2022-09-05 07:09:19
991,377,362,987,5,Desistência,2024-08-17 00:35:21
992,937,216,439,5,Troca,2016-10-09 08:24:47
993,462,974,820,2,Arrependimento,2021-08-17 11:32:34
994,608,973,28,4,Outros,2018-06-27 06:29:15
995,256,363,970,3,Defeito no Produto,2015-09-08 08:02:05
996,453,285,422,2,Desistência,2017-07-23 15:47:28
997,6,940,254,5,Arrependimento,2022-06-22 05:55:02
998,137,507,398,5,Arrependimento,2017-09-28 05:19:19
999,671,402,328,2,Desistência,2017-11-29 02:26:19
1000,580,875,929,1,Expectativa não atendida,2018-10-04 09:05:41
